age,sex,job,housing,saving_accounts,checking_account,credit_amount,duration,purpose,risk,predicted
30,male,skilled,rent,little,unknown,1740,6,radio/TV,good,good
27,male,highly_skilled,own,little,moderate,14027,60,car,bad,bad
35,male,highly_skilled,own,little,unknown,2670,24,car,good,good
29,female,skilled,own,little,unknown,518,6,radio/TV,good,good
34,male,skilled,free,unknown,unknown,6527,60,car,good,good
42,female,highly_skilled,free,little,moderate,8318,27,business,bad,bad
23,female,skilled,rent,little,unknown,7127,36,furniture/equipment,bad,bad
34,male,skilled,own,little,unknown,2320,18,radio/TV,good,good
28,male,skilled,own,little,little,4169,24,furniture/equipment,good,bad
30,female,skilled,own,little,unknown,8133,36,car,good,good
36,male,skilled,own,quite_rich,unknown,1262,15,domestic_appliances,good,good
42,male,skilled,free,moderate,unknown,1346,6,radio/TV,good,good
37,female,unskilled_resident,own,little,little,1274,12,car,bad,bad
30,female,skilled,own,little,moderate,918,9,furniture/equipment,bad,bad
36,male,highly_skilled,own,quite_rich,moderate,2366,12,car,good,good
31,male,highly_skilled,own,unknown,unknown,8947,36,car,good,good
37,female,skilled,own,little,little,609,6,car,good,bad
58,male,skilled,own,unknown,unknown,1867,30,radio/TV,good,good
23,female,unskilled_resident,rent,little,unknown,601,4,furniture/equipment,good,good
33,male,unskilled_resident,rent,little,moderate,2384,36,repairs,bad,bad
34,female,highly_skilled,own,little,moderate,2064,24,furniture/equipment,bad,bad
45,male,unskilled_resident,own,unknown,unknown,1287,10,car,good,good
26,female,skilled,rent,little,little,3114,18,furniture/equipment,bad,bad
31,female,skilled,own,little,little,1957,6,radio/TV,good,bad
24,female,skilled,free,little,moderate,5743,24,education,good,bad
60,male,skilled,own,rich,unknown,1940,24,car,good,good
22,female,skilled,rent,little,little,1858,12,furniture/equipment,good,bad
32,male,skilled,own,rich,moderate,2745,21,furniture/equipment,good,good
30,male,highly_skilled,own,unknown,little,14179,39,furniture/equipment,good,bad
31,male,skilled,own,unknown,little,6350,30,furniture/equipment,bad,bad
52,male,highly_skilled,own,unknown,moderate,6468,12,radio/TV,bad,bad
22,male,skilled,free,little,little,3149,24,furniture/equipment,good,bad
26,male,skilled,own,quite_rich,moderate,1158,12,radio/TV,good,good
26,male,skilled,own,little,rich,1925,24,furniture/equipment,good,good
21,female,skilled,rent,little,little,1049,18,furniture/equipment,good,bad
22,female,skilled,own,little,moderate,5951,48,radio/TV,bad,bad
61,male,unskilled_resident,rent,moderate,moderate,2767,21,business,bad,bad
46,female,skilled,rent,little,little,1845,15,furniture/equipment,good,bad
26,male,skilled,own,little,little,4370,42,radio/TV,bad,bad
25,female,skilled,own,unknown,moderate,2762,12,furniture/equipment,bad,bad
40,male,highly_skilled,own,little,little,3857,30,car,good,good
27,female,skilled,own,moderate,unknown,1237,6,radio/TV,good,good
24,female,skilled,rent,little,little,1207,24,car,bad,bad
57,male,skilled,free,little,moderate,2225,36,car,bad,bad
45,male,highly_skilled,own,little,unknown,6761,6,car,good,good
31,male,skilled,own,little,unknown,2775,18,car,bad,good
28,male,skilled,own,little,unknown,2169,18,business,bad,bad
23,female,skilled,rent,little,little,1216,18,car,bad,bad
49,male,unskilled_resident,own,little,moderate,3124,12,car,good,good
26,male,unskilled_resident,own,little,moderate,590,6,radio/TV,good,good
36,male,skilled,own,little,little,1721,15,car,good,bad
24,female,skilled,rent,little,little,4308,48,business,bad,bad
20,female,skilled,own,little,moderate,1967,24,radio/TV,good,good
22,female,skilled,rent,moderate,unknown,2301,9,furniture/equipment,good,good
44,male,skilled,own,unknown,unknown,3485,20,car,good,good
35,male,skilled,rent,moderate,unknown,1204,6,car,good,good
20,male,skilled,rent,little,moderate,585,12,radio/TV,good,bad
63,male,skilled,own,little,little,2957,24,car,good,good
27,male,unskilled_resident,own,unknown,unknown,1309,10,car,bad,good
49,male,skilled,free,unknown,little,2964,24,car,good,good
24,female,skilled,own,little,little,3190,18,radio/TV,bad,bad
64,female,skilled,own,moderate,unknown,1409,13,radio/TV,good,good
48,male,skilled,own,little,little,1082,12,car,bad,bad
35,male,unskilled_resident,free,unknown,unknown,9055,36,education,good,good
33,male,skilled,own,little,unknown,2058,24,repairs,good,good
44,male,skilled,free,little,unknown,5507,24,repairs,good,good
66,male,unskilled_resident,own,quite_rich,moderate,766,12,radio/TV,bad,bad
23,female,unskilled_resident,rent,moderate,moderate,841,12,business,good,bad
26,male,skilled,own,little,little,1345,18,radio/TV,bad,bad
21,male,unskilled_resident,own,little,little,6568,24,business,good,bad
33,female,skilled,own,little,little,1131,18,furniture/equipment,bad,bad
23,female,skilled,rent,little,little,1442,24,car,bad,bad
33,female,unskilled_resident,own,unknown,unknown,797,12,radio/TV,bad,good
34,male,skilled,own,little,unknown,1950,18,business,good,bad
28,male,unskilled_resident,own,little,unknown,2993,21,car,good,good
35,male,skilled,own,little,unknown,5842,36,car,good,good
29,female,unskilled_resident,rent,little,little,1659,24,radio/TV,bad,bad
48,male,skilled,own,moderate,little,1288,9,repairs,good,good
29,male,unskilled_resident,own,unknown,rich,1494,4,car,good,good
49,male,skilled,own,little,moderate,8386,30,furniture/equipment,bad,bad
27,male,highly_skilled,free,unknown,moderate,9157,60,radio/TV,good,bad
28,male,unskilled_resident,own,little,little,1797,13,business,good,bad
27,male,skilled,rent,unknown,unknown,7980,36,business,bad,bad
23,male,skilled,rent,little,moderate,1534,12,radio/TV,bad,bad
38,male,skilled,free,unknown,moderate,6681,48,business,good,good
25,male,skilled,own,little,little,2136,9,furniture/equipment,good,bad
40,male,highly_skilled,rent,little,rich,1905,15,education,good,good
30,male,highly_skilled,own,moderate,moderate,1919,30,radio/TV,bad,bad
49,male,skilled,own,unknown,unknown,2331,12,radio/TV,good,good
41,male,highly_skilled,own,unknown,unknown,6313,24,car,good,good
43,male,unskilled_resident,own,little,little,1344,12,car,good,good
39,male,highly_skilled,free,little,little,3249,36,car,good,good
23,male,unskilled_resident,own,little,moderate,1048,10,radio/TV,good,good
35,female,unskilled_resident,own,quite_rich,unknown,3447,12,education,good,good
32,male,skilled,free,rich,moderate,1136,9,education,bad,bad
49,male,unskilled_resident,own,little,unknown,640,12,car,good,good
28,male,skilled,own,little,moderate,3060,48,radio/TV,bad,bad
29,male,unskilled_resident,own,little,little,3590,12,furniture/equipment,good,good
63,male,skilled,own,unknown,unknown,1520,15,furniture/equipment,good,good
47,male,skilled,free,unknown,little,8335,36,car,bad,bad
38,female,skilled,own,unknown,unknown,1240,12,radio/TV,good,good
27,male,unskilled_resident,own,little,little,1168,12,car,good,bad
23,female,unskilled_non_resident,rent,quite_rich,little,1352,6,car,good,good
29,female,unskilled_non_resident,rent,little,little,1193,24,car,bad,bad
37,female,skilled,rent,little,little,7685,48,business,bad,bad
42,male,skilled,free,little,moderate,6288,60,education,bad,bad
41,male,skilled,own,moderate,moderate,2503,30,business,good,good
23,male,skilled,own,little,rich,3913,36,radio/TV,good,good
34,male,highly_skilled,own,little,unknown,6614,36,car,good,good
32,male,skilled,own,little,moderate,6078,12,car,good,good
23,female,unskilled_resident,own,little,moderate,2101,13,radio/TV,good,good
38,male,skilled,own,unknown,moderate,754,12,education,good,good
23,female,skilled,own,little,little,1498,12,radio/TV,good,bad
36,male,skilled,own,quite_rich,unknown,4042,42,furniture/equipment,good,good
50,male,skilled,free,little,moderate,6224,48,education,bad,bad
38,male,skilled,free,little,rich,947,24,car,bad,bad
26,male,skilled,own,unknown,unknown,5248,21,car,good,good
50,male,skilled,own,little,little,5293,27,business,bad,bad
53,male,skilled,own,unknown,unknown,2424,24,radio/TV,good,good
28,female,skilled,rent,little,little,1403,15,car,good,bad
33,female,unskilled_resident,rent,unknown,unknown,2186,15,furniture/equipment,good,good
23,female,skilled,own,moderate,unknown,3488,24,car,good,good
50,male,skilled,rent,quite_rich,unknown,1236,6,car,good,good
24,female,unskilled_resident,rent,moderate,unknown,11590,48,car,bad,bad
24,male,skilled,own,little,rich,3016,12,radio/TV,good,good
27,female,skilled,own,little,little,3123,24,car,bad,bad
42,male,highly_skilled,free,little,little,7763,48,car,bad,bad
35,male,skilled,own,unknown,unknown,976,12,radio/TV,good,good
35,male,skilled,own,moderate,unknown,4151,24,furniture/equipment,good,good
75,female,highly_skilled,own,unknown,little,1374,6,car,good,good
24,male,skilled,own,moderate,moderate,5595,72,radio/TV,bad,bad
38,male,skilled,own,unknown,unknown,3914,48,business,bad,bad
27,male,skilled,own,unknown,rich,1347,10,radio/TV,good,good
23,male,unskilled_non_resident,own,unknown,moderate,14555,6,car,bad,bad
26,female,highly_skilled,own,little,unknown,10974,36,furniture/equipment,bad,bad
30,male,highly_skilled,own,little,little,1823,24,radio/TV,bad,bad
39,male,unskilled_resident,own,moderate,moderate,1037,12,business,good,good
36,male,highly_skilled,own,little,unknown,3275,21,car,good,good
36,male,skilled,own,quite_rich,rich,2360,15,car,good,good
35,male,skilled,rent,little,moderate,1919,9,furniture/equipment,good,good
37,male,highly_skilled,own,unknown,rich,3399,12,radio/TV,good,good
22,male,skilled,free,little,little,3973,14,car,good,bad
33,male,skilled,own,moderate,little,2359,24,furniture/equipment,bad,bad
60,male,highly_skilled,own,unknown,moderate,6468,20,car,good,good
36,male,skilled,own,little,moderate,3915,27,business,bad,bad
24,female,unskilled_resident,own,little,little,1228,12,car,bad,bad
27,female,skilled,own,little,moderate,2930,12,radio/TV,good,good
28,female,skilled,own,little,unknown,1382,6,radio/TV,good,good
43,male,skilled,rent,little,little,4843,12,car,bad,bad
23,male,unskilled_resident,own,little,moderate,1246,24,car,bad,bad
32,female,skilled,own,little,moderate,2528,27,business,good,bad
21,male,unskilled_resident,own,little,little,1289,12,furniture/equipment,good,good
44,female,unskilled_resident,rent,little,rich,1881,12,radio/TV,good,good
41,male,skilled,own,unknown,unknown,3160,21,radio/TV,good,good
29,male,skilled,own,little,moderate,1103,12,radio/TV,good,good
36,male,skilled,own,unknown,unknown,3079,36,car,good,good
27,male,highly_skilled,own,little,unknown,6314,24,vacation/others,good,good
22,female,unskilled_resident,own,little,little,806,15,business,good,good
35,male,skilled,own,moderate,unknown,2753,9,radio/TV,good,good
33,male,skilled,own,unknown,unknown,3074,9,radio/TV,good,good
33,male,unskilled_resident,own,little,little,2579,12,car,bad,bad
24,male,skilled,own,unknown,moderate,2030,9,furniture/equipment,good,good
29,male,highly_skilled,rent,moderate,moderate,9034,36,furniture/equipment,bad,bad
32,female,skilled,rent,unknown,little,1285,24,car,bad,bad
25,female,skilled,rent,little,little,1433,15,furniture/equipment,good,bad
24,male,skilled,own,little,little,9271,36,car,bad,bad
40,male,unskilled_resident,rent,quite_rich,unknown,1597,10,car,good,good
26,female,skilled,own,little,unknown,2404,18,radio/TV,good,good
55,male,highly_skilled,free,little,moderate,9283,42,car,good,bad
35,male,unskilled_non_resident,own,unknown,moderate,1549,9,car,good,good
47,male,skilled,own,quite_rich,unknown,1213,15,radio/TV,good,good
41,male,unskilled_resident,own,little,moderate,888,12,car,bad,bad
39,female,skilled,own,little,little,860,6,car,good,bad
33,male,skilled,own,little,unknown,1851,24,radio/TV,good,good
22,female,skilled,rent,little,little,3632,24,car,good,bad
37,male,skilled,rent,little,little,3676,6,car,good,good
29,male,skilled,own,moderate,moderate,2896,24,radio/TV,good,good
22,male,skilled,own,moderate,moderate,1514,15,repairs,good,bad
59,female,skilled,own,unknown,unknown,5045,15,car,good,good
46,male,unskilled_resident,rent,unknown,unknown,730,7,radio/TV,good,good
21,male,skilled,own,little,unknown,15653,60,radio/TV,good,bad
57,female,skilled,rent,rich,little,3622,30,furniture/equipment,good,good
33,female,unskilled_resident,own,unknown,moderate,3195,9,car,good,good
24,male,skilled,rent,little,moderate,2323,36,radio/TV,good,good
51,male,skilled,own,unknown,unknown,3342,36,radio/TV,good,good
54,female,highly_skilled,rent,little,unknown,3568,15,radio/TV,good,good
32,male,highly_skilled,free,little,unknown,4686,36,car,good,good
31,male,unskilled_resident,own,moderate,moderate,9857,36,business,good,good
20,male,skilled,rent,unknown,rich,3617,24,furniture/equipment,good,good
25,female,skilled,own,little,little,1835,21,radio/TV,bad,bad
25,female,skilled,rent,little,moderate,1295,12,car,bad,bad
39,male,skilled,free,unknown,rich,1271,15,radio/TV,bad,bad
46,male,skilled,free,little,little,6331,48,car,bad,bad
65,male,unskilled_non_resident,own,little,little,3394,42,repairs,good,bad
25,male,skilled,own,little,little,975,15,furniture/equipment,good,bad
43,male,skilled,own,unknown,moderate,2899,18,car,good,good
53,female,highly_skilled,own,unknown,unknown,7485,30,car,bad,good
52,male,skilled,own,little,unknown,717,12,radio/TV,good,good
27,female,skilled,own,little,unknown,3609,48,business,good,good
30,male,skilled,own,unknown,moderate,2028,12,car,good,good
27,female,skilled,own,little,unknown,1449,9,business,good,good
28,male,skilled,free,little,unknown,3343,15,furniture/equipment,good,good
42,male,highly_skilled,own,little,unknown,10366,60,car,good,good
24,male,skilled,own,little,moderate,458,9,radio/TV,good,good
33,male,skilled,own,little,unknown,2051,18,radio/TV,good,good
30,male,skilled,rent,little,moderate,2002,12,car,good,bad
28,male,skilled,rent,little,little,6199,12,radio/TV,bad,bad
24,female,unskilled_resident,rent,unknown,unknown,4811,30,car,good,good
34,male,skilled,own,rich,unknown,2578,24,radio/TV,good,good
24,male,unskilled_resident,own,unknown,little,3763,21,car,good,bad
40,male,unskilled_resident,own,little,little,701,12,radio/TV,good,bad
27,male,skilled,own,little,unknown,8648,24,business,bad,bad
21,male,unskilled_resident,rent,little,little,1987,24,radio/TV,bad,bad
34,male,skilled,own,little,unknown,2759,12,furniture/equipment,good,good
28,female,skilled,own,little,moderate,4221,30,business,good,bad
44,male,skilled,own,quite_rich,unknown,2375,24,business,good,good
33,male,skilled,own,little,unknown,3029,15,car,good,good
23,female,highly_skilled,own,little,rich,1961,18,car,good,good
29,male,skilled,own,little,little,6887,36,education,bad,bad
39,female,unskilled_resident,own,unknown,moderate,932,6,education,good,good
33,male,skilled,own,little,rich,6289,42,business,good,good
51,male,skilled,free,little,rich,2892,24,furniture/equipment,good,good
33,male,skilled,own,little,moderate,6403,24,radio/TV,good,good
29,male,skilled,rent,unknown,unknown,7166,42,radio/TV,good,good
26,male,skilled,own,little,moderate,907,8,business,good,good
21,male,skilled,rent,little,moderate,2779,18,car,good,bad
42,male,skilled,free,unknown,unknown,10477,36,car,good,good
39,male,unskilled_resident,own,little,unknown,426,6,radio/TV,good,good
23,female,skilled,own,little,unknown,1943,18,repairs,bad,bad
26,female,skilled,own,quite_rich,unknown,1386,12,car,bad,bad
63,male,skilled,own,unknown,unknown,7596,30,car,good,good
27,male,skilled,own,rich,unknown,8613,27,car,good,good
34,female,highly_skilled,own,little,moderate,1501,9,education,bad,bad
35,female,skilled,own,little,unknown,1291,12,radio/TV,good,good
32,male,skilled,own,little,unknown,4594,18,radio/TV,good,good
25,female,unskilled_resident,own,little,moderate,4736,24,furniture/equipment,bad,bad
34,female,skilled,own,little,unknown,1493,12,radio/TV,good,good
20,female,skilled,rent,unknown,unknown,4675,12,car,good,good
35,male,skilled,own,unknown,moderate,2728,15,radio/TV,good,good
64,male,unskilled_resident,rent,little,little,2384,24,radio/TV,good,good
67,male,skilled,own,unknown,little,1169,6,radio/TV,good,good
49,male,unskilled_resident,own,unknown,rich,3656,30,radio/TV,good,good
36,male,highly_skilled,rent,unknown,moderate,7057,20,car,good,good
42,male,skilled,own,little,unknown,3331,12,furniture/equipment,good,good
42,female,skilled,own,little,moderate,3804,36,radio/TV,bad,good
26,male,highly_skilled,own,quite_rich,unknown,3235,24,radio/TV,good,good
26,male,skilled,own,little,moderate,1424,12,domestic_appliances,good,good
37,male,skilled,free,unknown,moderate,12389,36,car,bad,bad
43,male,skilled,own,little,unknown,1935,12,furniture/equipment,good,good
23,male,skilled,rent,little,rich,1297,12,radio/TV,good,good
55,male,skilled,own,little,little,6872,24,furniture/equipment,bad,bad
22,female,skilled,own,little,unknown,1808,18,furniture/equipment,bad,bad
27,male,skilled,own,unknown,moderate,3711,36,education,good,good
38,male,unskilled_resident,own,little,little,2171,12,car,good,good
44,female,skilled,own,unknown,unknown,5943,24,radio/TV,bad,good
46,male,skilled,free,little,little,3931,48,car,bad,bad
30,male,unskilled_resident,own,little,unknown,2028,24,furniture/equipment,good,good
26,male,skilled,rent,little,unknown,3518,6,car,good,good
51,male,skilled,own,little,unknown,1595,6,radio/TV,good,good
36,male,unskilled_resident,own,little,moderate,4241,24,business,bad,bad
22,female,skilled,own,moderate,little,741,12,domestic_appliances,bad,bad
35,male,highly_skilled,own,little,moderate,1050,6,furniture/equipment,good,good
37,male,skilled,own,little,rich,2100,18,radio/TV,bad,bad
30,female,highly_skilled,own,unknown,little,7174,42,radio/TV,bad,bad
26,male,skilled,rent,little,rich,2687,15,business,good,good
25,male,unskilled_resident,rent,little,unknown,2210,10,furniture/equipment,bad,good
25,female,skilled,own,little,unknown,5771,30,radio/TV,good,good
44,male,skilled,own,quite_rich,unknown,1163,12,car,good,good
38,female,skilled,own,little,unknown,1533,24,radio/TV,good,good
24,female,skilled,own,unknown,unknown,874,15,domestic_appliances,good,good
49,male,unskilled_resident,own,unknown,little,1262,12,furniture/equipment,good,good
66,female,unskilled_resident,own,quite_rich,moderate,790,9,radio/TV,good,good
40,male,highly_skilled,own,little,moderate,4297,18,furniture/equipment,bad,bad
45,female,skilled,own,little,moderate,2329,7,radio/TV,good,good
23,female,skilled,rent,unknown,little,8471,18,education,good,bad
44,male,highly_skilled,rent,little,little,3384,6,furniture/equipment,bad,bad
42,female,skilled,rent,unknown,moderate,1965,24,car,good,good
23,female,skilled,own,moderate,unknown,3812,15,car,good,good
26,male,skilled,own,little,rich,1330,12,car,good,good
50,male,skilled,own,little,unknown,1559,24,business,good,bad
40,male,unskilled_resident,own,little,moderate,1155,12,radio/TV,good,good
36,male,highly_skilled,own,unknown,unknown,1238,6,education,good,good
28,male,skilled,own,little,unknown,1249,24,car,good,good
27,female,skilled,rent,unknown,moderate,1924,18,furniture/equipment,bad,bad
35,male,highly_skilled,own,little,unknown,3780,18,furniture/equipment,good,good
36,male,skilled,rent,little,little,3905,11,car,good,bad
53,female,skilled,own,little,little,795,12,education,bad,bad
46,male,skilled,own,little,little,2348,36,furniture/equipment,good,bad
39,male,highly_skilled,rent,little,little,3345,24,furniture/equipment,bad,bad
34,male,unskilled_resident,own,unknown,unknown,1898,6,radio/TV,good,good
23,female,skilled,rent,little,little,2511,15,car,good,bad
26,male,skilled,own,little,little,759,12,car,bad,bad
20,male,skilled,own,unknown,little,2996,24,furniture/equipment,bad,bad
22,male,unskilled_resident,rent,little,moderate,276,9,car,good,bad
50,male,skilled,own,little,unknown,1574,12,furniture/equipment,good,good
35,female,skilled,own,rich,unknown,1592,12,furniture/equipment,good,good
66,male,highly_skilled,own,little,rich,1908,30,business,bad,bad
36,male,skilled,own,little,moderate,2337,36,radio/TV,good,good
30,male,highly_skilled,own,quite_rich,unknown,2333,30,radio/TV,good,good
27,male,unskilled_resident,own,little,unknown,802,14,car,good,good
28,female,skilled,own,moderate,moderate,2278,18,car,bad,bad
31,female,skilled,own,little,little,6758,48,radio/TV,bad,bad
30,male,highly_skilled,own,unknown,unknown,11054,36,car,good,good
35,female,skilled,free,little,little,1198,6,education,bad,bad
25,female,skilled,rent,little,moderate,2969,12,furniture/equipment,bad,bad
30,male,skilled,own,little,unknown,1224,9,car,good,good
67,female,highly_skilled,own,little,moderate,1199,9,education,good,good
24,male,skilled,own,little,unknown,1800,18,radio/TV,good,good
19,female,skilled,rent,little,unknown,1980,9,furniture/equipment,bad,bad
34,female,highly_skilled,rent,little,moderate,3017,12,furniture/equipment,good,bad
25,male,skilled,own,unknown,moderate,1484,12,radio/TV,bad,bad
61,male,highly_skilled,free,little,moderate,1953,36,business,bad,bad
31,female,skilled,own,little,unknown,9566,36,radio/TV,good,good
52,female,unskilled_resident,own,moderate,unknown,362,6,car,good,good
27,female,unskilled_non_resident,own,little,little,750,18,education,bad,bad
43,male,skilled,own,unknown,unknown,2197,24,car,good,good
39,male,skilled,own,quite_rich,unknown,2299,36,radio/TV,good,good
38,female,highly_skilled,free,little,moderate,12976,18,car,bad,bad
28,female,skilled,own,little,unknown,1817,18,furniture/equipment,good,bad
47,male,unskilled_resident,own,little,moderate,958,12,car,good,good
21,male,skilled,rent,moderate,moderate,3031,45,radio/TV,bad,bad
30,female,skilled,own,rich,unknown,960,15,furniture/equipment,good,good
57,female,highly_skilled,rent,rich,little,1231,24,radio/TV,good,good
57,male,highly_skilled,free,little,moderate,14318,36,car,bad,bad
53,male,skilled,free,little,little,4870,24,car,bad,bad
34,male,skilled,own,little,moderate,5800,36,car,good,good
26,female,skilled,own,little,rich,3749,24,furniture/equipment,good,good
23,female,unskilled_resident,rent,little,little,6229,36,furniture/equipment,bad,bad
26,female,unskilled_non_resident,rent,little,moderate,1778,15,car,bad,bad
31,male,skilled,own,quite_rich,unknown,3430,24,radio/TV,good,good
31,female,skilled,own,moderate,unknown,1532,15,education,good,good
27,male,skilled,own,unknown,unknown,1221,6,furniture/equipment,good,good
31,male,unskilled_resident,own,little,moderate,1521,10,furniture/equipment,good,good
37,male,unskilled_resident,own,little,rich,3949,10,car,good,good
31,male,skilled,rent,little,little,2302,36,radio/TV,bad,bad
31,male,skilled,own,unknown,rich,3148,24,radio/TV,good,good
25,male,unskilled_resident,own,little,moderate,866,18,radio/TV,good,good
41,female,unskilled_resident,own,rich,unknown,250,6,car,good,good
35,male,unskilled_resident,own,rich,moderate,1941,18,business,good,good
43,female,unskilled_resident,own,little,unknown,1459,15,radio/TV,good,good
30,male,highly_skilled,own,moderate,little,2249,18,car,good,good
36,male,skilled,own,rich,rich,1275,24,business,good,good
34,male,unskilled_resident,own,moderate,unknown,1743,6,business,good,good
41,female,unskilled_resident,rent,unknown,unknown,1244,9,education,good,good
48,female,unskilled_resident,rent,little,moderate,1795,18,radio/TV,good,good
26,female,skilled,own,little,unknown,763,12,furniture/equipment,good,bad
20,female,unskilled_resident,rent,little,moderate,2718,24,car,bad,bad
57,female,unskilled_resident,free,little,unknown,2748,12,education,good,good
30,female,skilled,own,moderate,unknown,1864,18,education,bad,good
34,male,highly_skilled,own,little,rich,1337,9,radio/TV,bad,bad
37,male,skilled,own,moderate,moderate,3878,24,car,good,good
25,female,unskilled_resident,own,moderate,moderate,2631,15,repairs,good,good
32,female,unskilled_resident,own,moderate,little,1282,24,radio/TV,bad,bad
32,male,skilled,own,unknown,unknown,2662,18,car,good,good
22,female,skilled,rent,little,little,1366,9,radio/TV,bad,bad
26,male,skilled,own,little,little,4788,48,car,good,bad
26,male,skilled,own,little,unknown,1076,12,business,good,good
27,male,highly_skilled,own,little,little,3416,27,radio/TV,good,bad
26,female,unskilled_resident,rent,moderate,moderate,4280,30,business,bad,bad
57,male,unskilled_resident,own,little,little,709,12,radio/TV,bad,bad
26,male,skilled,own,little,unknown,5117,27,business,good,bad
48,female,unskilled_resident,own,unknown,moderate,4351,24,furniture/equipment,good,good
24,male,skilled,own,quite_rich,unknown,2569,39,car,good,good
30,male,skilled,own,little,moderate,639,12,repairs,bad,bad
23,female,highly_skilled,rent,little,moderate,11560,24,car,bad,bad
40,male,highly_skilled,own,unknown,little,1358,24,vacation/others,bad,bad
26,female,skilled,own,little,moderate,9960,48,furniture/equipment,bad,bad
61,male,skilled,own,rich,moderate,1512,15,repairs,bad,bad
28,male,skilled,own,little,little,1108,12,repairs,bad,bad
26,female,skilled,rent,little,unknown,1388,9,furniture/equipment,good,good
49,male,skilled,own,moderate,rich,1126,9,radio/TV,good,good
63,male,skilled,own,little,little,2924,24,car,good,good
31,female,skilled,rent,unknown,unknown,2901,10,car,good,good
60,male,skilled,own,little,little,2246,12,furniture/equipment,bad,bad
28,male,skilled,own,little,unknown,776,12,radio/TV,good,good
42,male,highly_skilled,own,little,unknown,2292,12,business,bad,bad
29,male,skilled,own,unknown,unknown,1169,18,radio/TV,good,good
30,female,skilled,own,unknown,little,7721,24,furniture/equipment,good,bad
27,male,unskilled_resident,own,moderate,unknown,4139,24,business,good,good
54,male,skilled,own,little,little,3051,48,domestic_appliances,bad,bad
40,male,unskilled_resident,own,unknown,little,1647,21,car,bad,bad
33,male,unskilled_resident,own,moderate,little,727,12,radio/TV,bad,bad
25,male,skilled,own,little,moderate,14421,48,business,bad,bad
36,male,skilled,own,little,moderate,884,18,car,bad,bad
34,female,skilled,own,little,unknown,4454,36,radio/TV,good,good
22,male,skilled,rent,moderate,moderate,3092,24,radio/TV,bad,bad
27,male,skilled,own,moderate,unknown,2463,24,car,good,good
41,female,highly_skilled,rent,little,unknown,3868,24,car,good,good
44,female,highly_skilled,free,little,little,6419,24,car,good,good
34,male,skilled,own,moderate,moderate,2622,18,business,good,good
36,male,skilled,own,moderate,unknown,2872,24,radio/TV,good,good
36,female,skilled,own,little,unknown,1028,18,car,good,good
38,male,skilled,own,moderate,moderate,1216,24,radio/TV,bad,good
33,male,skilled,own,little,moderate,1245,18,radio/TV,bad,good
53,male,highly_skilled,free,little,little,7865,12,furniture/equipment,bad,bad
35,male,unskilled_resident,rent,moderate,unknown,1418,10,car,good,good
35,female,highly_skilled,own,little,unknown,1393,11,car,good,good
31,male,skilled,own,rich,little,3651,12,car,good,good
42,male,skilled,own,quite_rich,unknown,522,12,radio/TV,good,good
59,male,skilled,own,little,little,1364,9,radio/TV,good,good
25,female,skilled,own,unknown,unknown,2394,36,radio/TV,good,good
56,female,skilled,own,little,unknown,1538,6,education,good,good
33,male,skilled,own,little,unknown,5150,24,furniture/equipment,good,bad
35,male,skilled,own,quite_rich,little,1680,12,radio/TV,good,good
33,female,highly_skilled,own,little,rich,1474,12,furniture/equipment,good,good
42,male,skilled,free,little,little,5493,36,car,good,bad
22,female,skilled,own,little,moderate,1567,12,radio/TV,good,good
28,male,unskilled_resident,own,little,little,654,9,car,bad,bad
28,male,skilled,own,moderate,rich,1323,6,car,good,good
23,female,skilled,own,little,unknown,2288,21,furniture/equipment,good,bad
25,male,skilled,rent,moderate,moderate,1264,15,car,bad,bad
54,male,skilled,own,little,little,1409,12,car,good,good
37,male,unskilled_resident,own,little,moderate,1154,9,radio/TV,good,good
74,male,highly_skilled,own,little,unknown,4526,24,business,good,bad
37,male,skilled,own,unknown,unknown,7409,36,business,good,bad
31,male,highly_skilled,rent,little,unknown,1963,12,radio/TV,good,good
54,male,skilled,own,unknown,unknown,2255,24,car,good,good
37,female,skilled,rent,quite_rich,unknown,1402,12,furniture/equipment,good,good
24,female,unskilled_non_resident,rent,unknown,moderate,7472,12,car,good,good
37,male,unskilled_resident,own,unknown,rich,1344,24,car,bad,bad
36,female,unskilled_resident,own,rich,unknown,1572,21,business,good,good
23,male,unskilled_resident,own,quite_rich,moderate,2520,27,radio/TV,bad,bad
35,male,skilled,own,little,unknown,2346,24,car,good,good
29,male,highly_skilled,rent,moderate,unknown,1901,24,radio/TV,good,good
44,male,skilled,own,little,little,1553,18,furniture/equipment,bad,bad
21,female,skilled,rent,moderate,moderate,3441,30,furniture/equipment,bad,bad
35,male,skilled,own,moderate,unknown,2141,12,radio/TV,good,good
30,female,skilled,own,little,little,1620,12,furniture/equipment,good,bad
42,male,highly_skilled,own,moderate,moderate,8086,36,car,bad,bad
31,male,unskilled_resident,own,little,moderate,1410,12,education,good,good
30,male,skilled,own,little,moderate,7966,26,car,good,good
42,female,skilled,own,unknown,moderate,5084,24,radio/TV,good,good
22,female,skilled,rent,little,unknown,433,18,radio/TV,bad,good
48,male,skilled,own,little,little,1024,24,radio/TV,bad,bad
37,male,highly_skilled,own,quite_rich,unknown,12749,48,radio/TV,good,good
26,male,skilled,own,unknown,unknown,2069,10,furniture/equipment,good,good
25,male,skilled,own,unknown,unknown,999,24,radio/TV,good,good
31,male,skilled,own,little,little,2746,36,furniture/equipment,bad,bad
46,male,skilled,own,rich,unknown,1149,18,radio/TV,good,good
27,female,skilled,own,little,little,343,6,domestic_appliances,good,bad
42,male,skilled,own,unknown,moderate,2427,18,business,good,good
27,male,skilled,own,little,little,3552,24,furniture/equipment,bad,bad
61,male,unskilled_resident,own,rich,unknown,3059,12,radio/TV,good,good
30,male,skilled,own,little,moderate,1056,18,car,bad,bad
32,male,skilled,own,little,moderate,2273,36,education,good,good
43,male,skilled,own,unknown,unknown,4042,24,car,good,good
54,male,skilled,free,little,unknown,1597,24,education,good,good
43,male,skilled,own,little,moderate,4057,24,furniture/equipment,bad,good
27,male,skilled,own,little,little,1053,15,radio/TV,good,bad
28,male,skilled,own,little,unknown,1413,24,radio/TV,good,good
26,male,unskilled_resident,own,moderate,unknown,4272,30,business,good,good
29,female,highly_skilled,own,little,unknown,2679,24,car,good,good
61,male,skilled,free,unknown,moderate,1239,18,education,good,good
48,male,unskilled_resident,rent,little,little,2241,10,car,good,good
54,female,unskilled_non_resident,own,little,unknown,672,6,car,good,good
55,female,highly_skilled,free,little,little,2578,12,furniture/equipment,good,good
40,male,skilled,rent,unknown,unknown,7824,28,car,good,good
28,female,skilled,own,quite_rich,unknown,1376,24,radio/TV,good,good
47,male,skilled,own,little,rich,3017,30,radio/TV,good,good
31,male,skilled,free,little,unknown,6110,48,education,good,good
74,female,highly_skilled,free,little,moderate,5129,9,car,bad,bad
55,female,highly_skilled,own,unknown,rich,1424,12,furniture/equipment,good,good
34,female,skilled,own,little,little,1842,36,car,bad,bad
21,female,skilled,own,unknown,unknown,886,12,radio/TV,good,good
30,male,highly_skilled,own,little,unknown,1820,18,car,good,good
30,male,highly_skilled,own,little,moderate,5965,27,car,good,good
32,male,skilled,own,little,unknown,701,12,education,good,good
19,female,unskilled_resident,rent,rich,moderate,983,12,furniture/equipment,good,good
27,female,skilled,rent,unknown,little,2132,10,furniture/equipment,good,bad
39,male,unskilled_resident,own,unknown,unknown,9436,54,car,good,good
32,male,skilled,own,little,unknown,1552,24,radio/TV,good,good
29,female,skilled,own,little,moderate,959,9,furniture/equipment,bad,bad
36,male,skilled,own,unknown,unknown,6304,36,business,good,good
36,male,highly_skilled,free,little,little,1940,18,radio/TV,good,good
31,male,unskilled_resident,own,little,unknown,1546,10,car,good,good
27,male,unskilled_non_resident,own,rich,rich,709,6,car,good,good
32,male,skilled,free,little,unknown,3863,24,business,good,good
65,male,skilled,own,unknown,unknown,930,12,radio/TV,good,good
37,male,skilled,own,unknown,unknown,10222,48,radio/TV,good,good
42,male,skilled,own,little,little,4153,18,furniture/equipment,bad,bad
43,male,highly_skilled,own,little,little,15857,36,vacation/others,good,bad
34,male,skilled,own,little,little,6999,48,radio/TV,bad,bad
24,male,unskilled_resident,own,little,little,1747,24,furniture/equipment,good,good
21,female,skilled,rent,little,unknown,2570,27,car,bad,bad
27,male,skilled,own,little,moderate,1391,9,business,good,good
48,male,unskilled_resident,own,little,moderate,1743,24,radio/TV,good,good
36,male,skilled,free,unknown,unknown,700,6,radio/TV,good,good
52,male,skilled,own,quite_rich,unknown,936,9,education,good,good
24,female,unskilled_resident,own,little,little,626,12,radio/TV,bad,bad
27,male,skilled,own,little,unknown,1101,12,car,good,good
33,male,skilled,own,rich,unknown,1543,6,furniture/equipment,good,good
25,female,skilled,own,little,little,3509,18,radio/TV,good,bad
70,male,highly_skilled,free,little,moderate,7308,10,car,good,bad
55,female,skilled,own,little,little,1603,24,radio/TV,good,bad
32,male,unskilled_resident,free,little,little,1442,18,car,bad,bad
33,female,skilled,own,little,unknown,2831,30,radio/TV,good,good
27,male,skilled,own,little,unknown,3850,18,car,good,good
25,female,skilled,rent,little,little,1882,18,radio/TV,bad,bad
29,female,unskilled_non_resident,own,unknown,moderate,3990,36,domestic_appliances,good,good
34,male,skilled,own,unknown,moderate,2825,24,business,good,good
49,male,unskilled_resident,own,little,unknown,2096,12,education,good,good
28,male,unskilled_resident,rent,little,moderate,6260,18,car,good,bad
24,male,skilled,rent,moderate,little,6187,30,car,good,good
25,male,skilled,rent,quite_rich,moderate,3213,18,radio/TV,good,good
39,male,skilled,free,little,little,10297,48,car,bad,bad
29,female,unskilled_resident,rent,quite_rich,unknown,1123,12,furniture/equipment,bad,bad
35,male,highly_skilled,own,little,unknown,7253,33,car,good,good
35,male,skilled,own,unknown,moderate,3976,21,furniture/equipment,good,good
32,female,unskilled_resident,own,moderate,moderate,931,6,car,bad,bad
28,female,skilled,own,moderate,unknown,2073,12,radio/TV,good,good
34,male,highly_skilled,own,moderate,moderate,6850,15,car,bad,bad
37,male,skilled,own,little,moderate,802,15,radio/TV,bad,good
29,male,skilled,own,little,little,5179,36,furniture/equipment,bad,bad
28,female,unskilled_resident,own,little,rich,745,9,radio/TV,bad,bad
26,female,skilled,own,unknown,moderate,1715,30,radio/TV,good,good
25,female,skilled,own,unknown,moderate,2991,30,radio/TV,good,good
46,male,skilled,own,rich,unknown,1582,18,radio/TV,good,good
57,male,unskilled_resident,rent,unknown,unknown,1264,12,business,good,good
68,male,skilled,rent,unknown,unknown,6761,18,car,bad,good
25,male,skilled,own,moderate,unknown,5511,24,furniture/equipment,good,good
35,female,skilled,own,little,little,2439,24,radio/TV,bad,bad
31,male,skilled,own,little,moderate,1935,24,business,bad,bad
68,male,highly_skilled,own,little,little,14896,6,car,bad,bad
26,male,skilled,own,little,moderate,1201,24,car,good,bad
38,male,unskilled_resident,own,little,moderate,1308,15,repairs,good,good
58,female,unskilled_resident,own,little,little,1755,24,vacation/others,good,good
43,male,skilled,own,moderate,little,1203,6,car,good,good
28,male,skilled,own,little,little,5371,36,furniture/equipment,good,bad
24,male,unskilled_resident,rent,little,little,3021,24,furniture/equipment,good,good
33,male,skilled,rent,little,rich,2319,21,education,bad,good
32,male,highly_skilled,free,little,unknown,1505,18,radio/TV,good,good
32,male,skilled,own,unknown,unknown,7238,48,radio/TV,good,good
30,male,skilled,own,little,little,1602,21,car,good,bad
38,male,skilled,own,little,unknown,804,12,radio/TV,good,good
45,male,skilled,own,little,little,2303,24,car,bad,bad
31,male,highly_skilled,free,moderate,moderate,7582,48,vacation/others,good,good
28,male,highly_skilled,own,little,moderate,4249,30,car,bad,bad
46,male,skilled,free,quite_rich,unknown,727,10,education,good,good
40,male,unskilled_resident,own,little,little,1361,6,car,good,good
32,male,skilled,own,little,unknown,2697,9,radio/TV,good,good
29,male,highly_skilled,free,little,little,6579,24,car,good,good
24,female,unskilled_resident,rent,moderate,unknown,1568,18,business,good,good
41,male,skilled,own,unknown,moderate,3979,48,radio/TV,good,good
24,female,skilled,own,little,unknown,932,6,radio/TV,good,good
27,male,skilled,own,rich,unknown,5804,24,car,good,good
20,female,skilled,rent,little,little,1282,12,furniture/equipment,bad,bad
25,male,skilled,own,little,unknown,1262,12,radio/TV,good,good
42,male,skilled,own,little,little,2577,12,furniture/equipment,good,bad
29,male,skilled,free,little,little,2149,12,radio/TV,bad,bad
33,female,skilled,own,unknown,unknown,1927,24,education,good,good
31,male,highly_skilled,own,little,unknown,2406,9,furniture/equipment,good,good
51,male,skilled,free,unknown,little,7511,18,car,bad,bad
23,female,skilled,rent,little,unknown,2146,10,furniture/equipment,good,bad
36,male,skilled,free,unknown,unknown,846,7,radio/TV,good,good
43,male,skilled,own,little,unknown,2515,18,furniture/equipment,good,good
33,male,skilled,own,little,moderate,1414,8,radio/TV,good,good
22,male,skilled,own,little,moderate,3832,30,furniture/equipment,good,bad
64,male,unskilled_resident,own,unknown,unknown,3832,9,education,good,good
24,male,unskilled_resident,rent,little,little,1546,24,radio/TV,bad,bad
32,male,highly_skilled,own,little,little,1880,18,radio/TV,good,good
38,male,skilled,own,moderate,moderate,3512,24,car,good,good
66,male,highly_skilled,free,little,little,1526,12,car,good,good
42,male,unskilled_resident,own,little,unknown,1455,4,car,good,good
52,male,skilled,own,quite_rich,little,338,6,radio/TV,good,good
41,male,unskilled_resident,own,quite_rich,unknown,2580,21,business,bad,bad
29,male,skilled,own,moderate,moderate,1437,9,car,bad,bad
30,female,highly_skilled,own,little,moderate,5096,48,furniture/equipment,bad,bad
20,female,skilled,rent,little,little,2039,18,furniture/equipment,bad,bad
40,male,skilled,own,unknown,unknown,3077,30,radio/TV,good,good
36,male,skilled,own,unknown,moderate,2181,30,car,good,good
45,male,unskilled_resident,own,little,little,339,12,education,good,good
24,male,unskilled_resident,own,little,little,2214,12,radio/TV,good,bad
49,female,skilled,own,little,little,428,6,furniture/equipment,good,bad
34,male,highly_skilled,own,moderate,unknown,1591,21,furniture/equipment,good,good
35,female,unskilled_resident,own,little,little,10722,47,car,good,bad
29,female,skilled,rent,rich,moderate,7758,24,car,good,good
33,male,skilled,own,little,unknown,1478,15,radio/TV,good,good
55,male,skilled,free,rich,unknown,1555,12,repairs,bad,bad
46,female,unskilled_resident,own,little,unknown,3594,15,car,good,good
51,female,skilled,own,moderate,unknown,682,12,car,good,good
40,male,highly_skilled,own,unknown,little,1977,36,education,bad,bad
23,male,skilled,own,little,moderate,15672,48,business,bad,bad
38,male,unskilled_resident,own,little,unknown,1495,12,car,good,good
29,female,skilled,own,little,little,1893,12,car,good,bad
51,male,skilled,own,little,moderate,4771,11,radio/TV,good,good
35,male,skilled,own,little,moderate,2576,7,radio/TV,good,good
38,male,highly_skilled,own,unknown,unknown,3229,18,car,good,good
32,male,skilled,own,little,little,1938,24,radio/TV,bad,bad
26,male,skilled,own,little,little,8229,36,car,bad,bad
47,male,skilled,free,little,unknown,1984,18,furniture/equipment,good,good
24,male,skilled,free,little,little,4605,48,car,bad,bad
31,male,skilled,own,little,little,4817,24,car,bad,bad
47,male,unskilled_resident,own,little,little,731,8,car,good,good
46,male,skilled,own,little,rich,1343,6,car,good,good
27,male,skilled,own,little,moderate,2820,36,car,bad,bad
46,male,skilled,rent,little,moderate,1223,12,car,bad,bad
36,male,highly_skilled,free,unknown,moderate,12169,48,car,good,bad
46,male,highly_skilled,own,unknown,unknown,7629,48,business,good,bad
39,male,skilled,own,little,unknown,1473,18,radio/TV,good,good
62,female,skilled,free,little,unknown,3757,24,car,good,good
25,male,skilled,own,unknown,little,8072,30,business,good,bad
62,male,skilled,own,quite_rich,unknown,1338,6,domestic_appliances,good,good
52,male,skilled,own,moderate,unknown,2223,24,radio/TV,good,good
29,male,highly_skilled,own,little,moderate,11328,24,vacation/others,bad,bad
33,male,skilled,own,moderate,unknown,1474,24,car,good,good
23,male,skilled,free,little,little,1845,45,radio/TV,bad,bad
23,female,skilled,own,quite_rich,little,4281,33,furniture/equipment,bad,bad
20,female,skilled,rent,quite_rich,unknown,2221,15,furniture/equipment,good,good
44,male,skilled,own,little,little,1478,15,furniture/equipment,good,bad
64,female,skilled,own,little,moderate,753,6,radio/TV,good,good
33,female,skilled,own,little,moderate,3244,18,furniture/equipment,good,bad
34,male,unskilled_resident,own,moderate,unknown,1569,15,radio/TV,good,good
34,male,skilled,own,little,moderate,2415,7,radio/TV,good,good
50,male,skilled,own,rich,unknown,3777,24,furniture/equipment,good,good
38,male,skilled,own,unknown,unknown,2751,48,car,good,good
50,male,skilled,own,unknown,moderate,1537,15,radio/TV,good,good
64,female,skilled,own,little,unknown,1364,10,car,good,good
39,male,unskilled_resident,own,little,unknown,7228,11,car,good,good
25,male,unskilled_resident,own,little,moderate,685,12,car,bad,bad
38,male,highly_skilled,own,rich,unknown,5711,36,car,good,good
37,male,unskilled_resident,own,unknown,unknown,3565,12,education,good,good
23,male,skilled,own,unknown,moderate,1444,15,radio/TV,good,bad
23,male,skilled,own,little,moderate,882,13,radio/TV,good,good
39,female,skilled,own,little,moderate,1188,21,business,bad,bad
45,male,unskilled_resident,own,quite_rich,unknown,1750,6,radio/TV,good,good
26,female,unskilled_resident,own,little,moderate,1113,18,radio/TV,good,good
41,male,skilled,own,little,rich,2116,6,furniture/equipment,good,good
31,male,skilled,rent,little,little,3161,24,business,bad,bad
37,male,skilled,own,little,rich,1225,10,domestic_appliances,good,good
20,male,highly_skilled,rent,little,little,1107,12,radio/TV,good,good
25,female,skilled,own,little,moderate,1206,9,radio/TV,good,good
35,male,skilled,free,little,little,3386,12,car,bad,bad
24,female,skilled,own,little,little,4272,20,furniture/equipment,good,bad
39,male,unskilled_resident,rent,little,little,2122,12,car,good,good
38,male,highly_skilled,own,unknown,unknown,2859,12,car,good,good
47,male,unskilled_resident,own,little,unknown,2538,24,car,bad,good
32,male,skilled,own,moderate,unknown,2848,10,car,good,good
47,male,skilled,own,unknown,unknown,3578,48,radio/TV,good,good
23,female,unskilled_non_resident,rent,quite_rich,moderate,3758,24,radio/TV,good,good
28,male,skilled,rent,little,moderate,3617,12,furniture/equipment,good,good
26,male,highly_skilled,own,little,unknown,4463,36,radio/TV,bad,bad
32,male,skilled,own,moderate,little,2325,24,car,good,good
25,female,skilled,rent,unknown,little,1371,24,car,bad,bad
25,female,skilled,rent,unknown,unknown,1283,22,car,good,good
27,male,skilled,own,rich,moderate,10961,48,radio/TV,bad,bad
31,male,skilled,own,unknown,unknown,929,24,furniture/equipment,good,good
35,male,skilled,own,quite_rich,unknown,2397,24,radio/TV,bad,good
36,male,unskilled_resident,own,little,little,1374,6,furniture/equipment,good,good
28,female,skilled,rent,moderate,moderate,2631,15,car,bad,bad
29,male,skilled,rent,little,little,11816,45,business,bad,bad
24,male,skilled,own,little,little,2145,36,business,bad,bad
36,male,skilled,own,rich,moderate,1913,18,business,good,good
35,male,unskilled_resident,own,moderate,little,4380,18,car,good,good
30,male,skilled,free,quite_rich,little,3349,24,furniture/equipment,bad,bad
32,male,skilled,rent,moderate,moderate,11760,39,education,good,good
43,male,unskilled_resident,own,little,unknown,7393,24,car,good,good
37,female,skilled,own,rich,unknown,1287,24,car,good,good
31,male,skilled,own,moderate,unknown,5742,36,business,good,good
65,male,skilled,free,little,little,2600,18,radio/TV,bad,bad
26,female,skilled,own,little,unknown,2764,33,business,good,good
36,male,highly_skilled,own,little,unknown,1278,24,radio/TV,good,good
40,male,unskilled_resident,own,little,little,3939,11,car,good,good
28,female,skilled,rent,rich,unknown,2603,24,car,good,good
48,male,highly_skilled,own,unknown,moderate,12204,48,business,good,bad
24,female,skilled,rent,unknown,little,1275,15,domestic_appliances,bad,bad
24,female,skilled,rent,little,unknown,1554,6,radio/TV,good,good
50,female,unskilled_resident,own,little,rich,1047,6,education,good,good
25,male,skilled,own,unknown,unknown,3105,24,radio/TV,good,good
29,male,skilled,own,little,unknown,2743,28,radio/TV,good,good
30,female,skilled,own,little,unknown,1055,18,car,good,good
43,male,unskilled_resident,own,little,unknown,1533,18,furniture/equipment,bad,good
35,male,skilled,own,unknown,unknown,1979,15,radio/TV,good,good
45,male,skilled,free,little,little,7882,42,furniture/equipment,good,bad
46,male,skilled,own,little,unknown,2611,24,radio/TV,good,good
28,female,skilled,rent,quite_rich,moderate,4113,24,car,bad,bad
25,male,unskilled_resident,own,little,little,1138,9,radio/TV,good,bad
44,male,skilled,rent,quite_rich,little,2647,6,radio/TV,good,good
22,female,unskilled_resident,rent,little,unknown,1258,12,furniture/equipment,good,good
30,male,skilled,free,moderate,moderate,2862,36,car,good,bad
40,male,highly_skilled,own,little,moderate,7374,18,furniture/equipment,good,bad
35,male,unskilled_resident,own,little,unknown,4679,24,car,good,good
47,female,skilled,free,moderate,rich,1377,24,radio/TV,good,good
58,female,unskilled_resident,own,little,little,385,12,radio/TV,good,good
48,female,unskilled_resident,free,moderate,rich,1240,10,car,bad,bad
28,male,skilled,own,rich,unknown,2142,11,business,good,good
50,male,skilled,own,unknown,unknown,2390,12,car,good,good
30,male,highly_skilled,own,little,moderate,4455,36,business,bad,bad
32,male,unskilled_resident,own,little,moderate,1301,18,radio/TV,good,good
22,male,skilled,own,quite_rich,little,2483,24,furniture/equipment,good,bad
21,female,skilled,own,moderate,unknown,10144,60,radio/TV,good,good
31,female,highly_skilled,own,quite_rich,unknown,2782,21,car,good,good
47,male,highly_skilled,own,little,moderate,1209,6,car,bad,bad
47,male,skilled,own,little,unknown,1393,12,education,good,good
45,female,unskilled_resident,own,unknown,unknown,3835,36,radio/TV,good,good
36,male,skilled,own,little,unknown,4165,18,business,bad,bad
30,male,highly_skilled,own,little,little,3959,36,furniture/equipment,good,bad
35,female,skilled,own,unknown,little,1381,24,car,bad,bad
67,female,skilled,own,little,moderate,3872,18,repairs,good,good
41,male,skilled,rent,little,unknown,1503,12,car,good,good
47,male,skilled,free,little,unknown,5103,24,radio/TV,good,good
35,male,skilled,own,quite_rich,moderate,1410,14,business,good,good
36,male,skilled,own,unknown,unknown,6742,30,radio/TV,good,good
51,male,unskilled_resident,free,quite_rich,unknown,2507,9,car,good,good
27,female,skilled,own,little,unknown,1185,12,business,good,good
74,male,unskilled_non_resident,own,little,rich,1299,6,car,good,good
26,female,unskilled_resident,rent,little,little,3599,21,furniture/equipment,good,good
29,female,skilled,own,unknown,little,915,24,car,bad,bad
29,female,skilled,own,rich,little,3357,21,radio/TV,good,good
41,male,unskilled_resident,rent,moderate,unknown,1469,24,car,good,good
30,male,skilled,own,little,unknown,707,12,radio/TV,good,good
63,male,skilled,free,little,rich,781,10,car,good,good
38,male,highly_skilled,own,little,unknown,7814,24,car,good,good
23,female,unskilled_resident,own,little,little,976,18,car,bad,bad
31,male,skilled,own,unknown,unknown,3378,18,car,good,good
35,male,highly_skilled,rent,little,moderate,6948,36,car,good,bad
37,male,highly_skilled,own,unknown,moderate,4712,24,business,good,good
36,male,skilled,own,little,little,1372,12,car,bad,bad
24,female,highly_skilled,own,moderate,moderate,7408,60,car,bad,bad
32,male,unskilled_resident,own,rich,unknown,4526,27,furniture/equipment,good,good
24,male,skilled,own,moderate,moderate,6560,48,car,bad,bad
23,male,skilled,rent,little,little,4110,24,furniture/equipment,bad,bad
57,female,unskilled_resident,own,moderate,unknown,1154,11,radio/TV,good,good
50,female,skilled,free,moderate,moderate,2671,36,radio/TV,bad,bad
26,male,skilled,rent,moderate,unknown,3577,9,car,good,good
22,male,skilled,own,little,unknown,1478,9,radio/TV,bad,good
43,male,highly_skilled,own,little,little,2442,27,business,good,bad
25,female,unskilled_resident,own,little,rich,2327,15,radio/TV,bad,bad
48,male,skilled,own,unknown,unknown,5190,27,repairs,good,good
38,male,highly_skilled,free,little,little,10623,30,car,good,good
34,male,highly_skilled,own,little,moderate,1860,12,car,good,bad
32,female,skilled,own,little,unknown,4611,6,furniture/equipment,bad,bad
33,male,highly_skilled,own,little,moderate,4439,18,business,good,bad
29,female,skilled,own,little,unknown,2171,12,radio/TV,good,good
37,male,skilled,own,little,unknown,3535,36,car,good,good
63,male,skilled,own,little,little,6836,60,business,bad,bad
38,male,skilled,own,little,unknown,1924,10,radio/TV,good,good
28,male,highly_skilled,own,little,moderate,5234,30,car,bad,bad
46,male,skilled,own,little,unknown,1829,15,radio/TV,good,good
30,female,skilled,own,quite_rich,moderate,8358,48,car,good,bad
41,female,unskilled_resident,own,little,moderate,5954,42,business,good,good
24,male,skilled,own,little,little,9629,36,car,bad,bad
40,male,unskilled_non_resident,own,little,moderate,3590,18,business,good,good
33,male,highly_skilled,rent,little,unknown,4844,48,business,bad,bad
31,male,skilled,own,moderate,moderate,1449,6,business,good,good
35,male,skilled,own,little,little,691,12,car,bad,bad
36,male,highly_skilled,rent,moderate,moderate,6967,24,business,good,bad
27,female,skilled,rent,moderate,moderate,951,12,furniture/equipment,bad,bad
34,female,skilled,own,rich,unknown,1525,24,car,good,good
30,male,skilled,own,little,little,2121,12,car,good,bad
28,male,skilled,own,unknown,moderate,1887,18,business,good,good
34,male,unskilled_resident,free,moderate,moderate,3844,48,business,bad,bad
26,male,skilled,rent,unknown,unknown,2445,12,car,good,good
24,female,skilled,rent,rich,moderate,433,6,education,bad,bad
45,male,highly_skilled,own,little,little,8978,14,car,bad,bad
40,male,skilled,own,little,unknown,1585,24,furniture/equipment,good,good
27,female,unskilled_resident,own,little,little,3643,15,furniture/equipment,good,bad
75,male,highly_skilled,free,little,little,6615,24,car,good,good
49,male,unskilled_resident,own,unknown,rich,1445,18,radio/TV,good,good
36,male,skilled,rent,little,little,2799,9,car,good,good
43,female,unskilled_resident,own,rich,unknown,1516,24,radio/TV,good,good
39,male,unskilled_resident,own,little,little,3398,8,car,good,good
40,male,unskilled_non_resident,free,unknown,moderate,5381,48,vacation/others,good,good
44,female,unskilled_resident,own,little,moderate,760,8,radio/TV,good,good
52,male,skilled,own,little,unknown,3077,12,radio/TV,good,good
65,male,skilled,own,little,little,571,21,car,good,good
34,male,unskilled_resident,own,little,little,11998,30,repairs,bad,bad
32,male,skilled,own,quite_rich,unknown,2978,6,furniture/equipment,good,good
40,female,skilled,own,rich,moderate,1322,11,car,good,good
24,female,skilled,rent,little,little,2124,18,furniture/equipment,bad,bad
34,male,unskilled_resident,own,little,rich,2864,18,furniture/equipment,bad,bad
31,male,skilled,own,moderate,moderate,6148,20,car,good,good
60,male,skilled,free,little,unknown,2032,24,car,good,good
39,male,highly_skilled,own,little,unknown,1884,12,car,good,good
26,male,unskilled_resident,own,little,moderate,625,12,radio/TV,good,good
63,male,unskilled_resident,own,little,unknown,1655,12,radio/TV,good,good
29,female,skilled,own,little,rich,683,6,radio/TV,good,good
26,female,highly_skilled,rent,little,unknown,4530,30,radio/TV,good,good
20,male,skilled,own,little,unknown,1313,9,furniture/equipment,good,good
23,female,skilled,own,little,rich,1275,10,furniture/equipment,good,good
39,male,highly_skilled,own,little,unknown,6458,18,car,bad,good
46,male,skilled,own,little,little,697,12,car,bad,bad
40,female,skilled,own,unknown,unknown,894,10,education,good,good
28,male,highly_skilled,rent,little,moderate,9398,36,car,bad,bad
45,male,skilled,free,unknown,unknown,1300,15,car,good,good
48,male,skilled,own,little,unknown,2134,9,car,good,good
35,male,skilled,free,little,unknown,1471,15,radio/TV,good,good
36,male,highly_skilled,free,little,little,1872,6,furniture/equipment,good,good
31,male,skilled,own,moderate,unknown,3621,24,radio/TV,bad,good
31,male,unskilled_resident,own,little,little,3108,30,furniture/equipment,bad,bad
37,female,skilled,own,little,unknown,3380,4,car,good,good
58,male,skilled,rent,little,moderate,15945,54,business,bad,bad
48,male,skilled,free,unknown,unknown,9277,24,car,good,good
28,male,skilled,own,quite_rich,rich,939,12,car,bad,bad
65,female,unskilled_non_resident,own,little,unknown,1098,18,radio/TV,good,good
26,male,skilled,own,little,little,3414,21,education,bad,bad
24,male,skilled,own,little,rich,5848,36,radio/TV,good,good
22,male,skilled,own,little,little,2462,18,furniture/equipment,bad,bad
34,male,skilled,own,rich,moderate,3496,30,furniture/equipment,good,good
55,male,skilled,own,rich,unknown,1413,12,car,good,good
49,male,skilled,rent,unknown,unknown,5801,12,furniture/equipment,good,good
